host,port,protocol,username
ftp://ftp.elquijotebanquetes.com,21,ftp,mybloddycockcpanel_owner@elquijotebanquetes.com
ftp://5.255.100.203,21,ftp,StillsomaOr@trsfr.com
ftp://ftp.elquijotebanquetes.com,21,ftp,urchman@elquijotebanquetes.com
ftp://ftp.normagroup.com.tr,21,ftp,admin@normagroup.com.tr
ftp://ftp.amtechprinting.com,21,ftp,johnsong@amtechprinting.com
ftp://ftp.vila-gabriel.ro,21,ftp,FTPAdmin@vila-gabriel.ro
ftp://ftp.elquijotebanquetes.com,21,ftp,husband@elquijotebanquetes.com
ftp://ftp.normagroup.com.tr,21,ftp,admins@normagroup.com.tr
ftp://ftp.rusticpensiune.ro,21,ftp,FTPAdmin@rusticpensiune.ro
ftp://ftp.mercuresurabaya.com,21,ftp,doggsbin@mercuresurabaya.com
ftp://ftp.ercolina-usa.com,21,ftp,focs@ercolina-usa.com
ftp://ftp.avatar.ps/,21,ftp,loggid@avatar.ps
ftp://ftp.northsrockusa.com/,21,ftp,info@northsrockusa.com
ftp://ftp.mercuresurabaya.com,21,ftp,m4n494r@mercuresurabaya.com
ftp://ftp.sisaurora.com,21,ftp,ftpeuropowah@sisaurora.com
ftp://ftp.amtechprinting.com:21,21,ftp,johnson@amtechprinting.com
ftp://ftp.sisaurora.com,21,ftp,devillllcocksucker@sisaurora.com
ftp://5.255.100.203,21,ftp,Xcluciv@trsfr.com
ftp://ftp.lemendoza.com,21,ftp,fffo@lemendoza.com
ftp://ftp.lemendoza.com,21,ftp,admini@lemendoza.com
ftp://ftp.solucionesmexico.mx,21,ftp,mynewfile@solucionesmexico.mx
ftp://ftp.wymascensores.com,21,ftp,xam@wymascensores.com
ftp://ftp.alfelahksa.com/,21,ftp,farm@alfelahksa.com
ftp://ftp.chidimma88.com,21,ftp,zynova@chidimma88.com
ftp://ftp.mercuresurabaya.com,21,ftp,general-file@mercuresurabaya.com
ftp://lemendoza.com,21,ftp,ro@lemendoza.com
ftp://ftp.experthvac.ro,21,ftp,FTPAdmon@experthvac.ro
ftp://ftp.fredy.ee,21,ftp,newstartforlogs2024@fredy.ee
ftp://files.000webhost.com/,21,ftp,zinco
ftp://ftp.adpfr.ro/,21,ftp,asabaway@adpfr.ro
ftp://ftp.chidimma88.com,21,ftp,chidahxu
ftp://ftp.indra-precision.co.th,21,ftp,logsbin@indra-precision.co.th
ftp://files.000webhost.com/,21,ftp,zincox
ftp://ftp.lemendoza.com,21,ftp,aaa@lemendoza.com
ftp://ftp.badonfashoin.com/,21,ftp,farmlogs@badonfashoin.com
ftp://ftps4.us.freehostia.com/,21,ftp,mdccj2
ftp://ftp.siscop.com.co,21,ftp,pedophile@siscop.com.co
ftp://eu-west-1.sftpcloud.io,21,ftp,9ac0cf87ed1947d4b15aec897abbbdba
ftp://ftp.elquijotebanquetes.com,21,ftp,mojovagina@elquijotebanquetes.com
ftp://ftp.atelierzolotas.gr,21,ftp,matilda@atelierzolotas.gr
ftp://ftp.aksumer.com,21,ftp,aksumerc
ftp://5.255.100.203,21,ftp,MarceOr@trsfr.com
ftp://ftp.svetigeorgije.co.rs,21,ftp,log@svetigeorgije.co.rs
ftp://5.255.100.203,21,ftp,NilsonOr@trsfr.com
ftp://ftp.exact-thailand.com,21,ftp,passcode@exact-thailand.com
ftp://ftp.corpsa.net,21,ftp,vodooooo@corpsa.net
ftp://ftp.creditesimplebm.ro,21,ftp,FTPAdmin@creditesimplebm.ro
ftp://5.255.100.203,21,ftp,Humble@trsfr.com
ftp://5.255.100.203,21,ftp,Ik19021@trsfr.com
ftp://ftp.lemendoza.com,21,ftp,adm@lemendoza.com
ftp://ftp.hardblack-architects.co.za,21,ftp,you@hardblack-architects.co.za
ftp://srbizasrbe.org/,21,ftp,jo@srbizasrbe.org
ftp://ftp.atelierzolotas.gr,21,ftp,robin@atelierzolotas.gr
ftp://ftp.albasrahflag.com/,21,ftp,brown@albasrahflag.com
ftp://ftp.prochem-au.com,21,ftp,prochem-au.com_3gtz72ml34u
ftp://ftp.wymascensores.com,21,ftp,work@wymascensores.com
ftp://ftp.itvlahita.com,21,ftp,archivos
ftp://ftp.ercolina-usa.com,21,ftp,admin@ercolina-usa.com
ftp://ftp.omamontaggi.it,21,ftp,olay@omamontaggi.it
ftp://ftp.cefin.bg,21,ftp,kaai@cefin.bg
ftp://ftp.experthvac.ro,21,ftp,FTPAdmin@experthvac.ro
ftp://ftp.icemp.eu,21,ftp,FTPAdmin@icemp.eu
ftp://ftp.digicon.com.mx/,21,ftp,sailor@digicon.com.mx
ftp://thedress.pk,21,ftp,silk@thedress.pk
ftp://graphicsink.website/,21,ftp,ik@graphicsink.website
ftp://ftp.knoow.net,21,ftp,pro@knoow.net
ftp://ftp.ma-masalikilhuda.sch.id/,21,ftp,maxwell@ma-masalikilhuda.sch.id
ftp://ftp.vargakreativ.hu,21,ftp,AdminFtp@vargakreativ.hu
ftp://ftp.basariotomotive.com/,21,ftp,drf@basariotomotive.com
ftp://ftp.dzine.com.tr,21,ftp,dzinecom
ftp://ftp.totallyanonymous.com/,21,ftp,atoztradebots@totallyanonymous.com
ftp://ftp.avonpharmacmachines.com/,21,ftp,admin@avonpharmacmachines.com
ftp://ftp.indra-precision.co.th,21,ftp,2nd11ori@indra-precision.co.th
ftp://eu-west-1.sftpcloud.io,21,ftp,3fd66d50a7c44466823a72ee98a4245b
ftp://ftp.bluecomunidad.com/,21,ftp,logs@bluecomunidad.com
ftp://files.000webhost.com/,21,ftp,obilo
ftp://ftp.badonfashoin.com/,21,ftp,logs@badonfashoin.com
ftp://ftp.mcmprint.net,21,ftp,offwork@mcmprint.net
ftp://ftp.winners.jumie-acrylic.com/,21,ftp,slime@winners.jumie-acrylic.com
ftp://ftp.knoow.net,21,ftp,boxie@knoow.net
ftp://eu-west-1.sftpcloud.io,21,ftp,7657be08759d4b44b239e4cac7da4d75
ftp://srbizasrbe.org/,21,ftp,kz@srbizasrbe.org
ftp://files.000webhost.com,21,ftp,tain00
ftp://ftp.pluscert.ro/,21,ftp,ftpadmin@pluscert.ro
ftp://ftp.spytector.com/,21,ftp,veranj@spytector.com
ftp://ftp.albasrahflag.com/,21,ftp,pedro@albasrahflag.com
ftp://ftp.hitplas.ro,21,ftp,hit@hitplas.ro
ftp://ftp.geohydroconsult.com/,21,ftp,bally@geohydroconsult.com
ftp://myogessentials.com,21,ftp,tsd@myogessentials.com
ftp://mydevelopmentstory.com,21,ftp,tsd@mydevelopmentstory.com
ftp://eu-west-1.sftpcloud.io,21,ftp,babccb5db0ec40d2bc9c8379d84ab283
ftp://ftp.chneyeetex.com/,21,ftp,REPORT@chneyeetex.com
ftp://eu-west-1.sftpcloud.io,21,ftp,f27ea63fd3cd44ea9c8de4b2faa424fb
ftp://ftp.dwicahayajaya.com/,21,ftp,jehovah_block@dwicahayajaya.com
ftp://ftp.cosmolensky.com/,21,ftp,ddd@cosmolensky.com
ftp://peruglobo.com,21,ftp,freemason@peruglobo.com
ftp://ftp.romanservices.ca/,21,ftp,cleaner@romanservices.ca
ftp://ftp.cosmolensky.com/,21,ftp,dod@cosmolensky.com
ftp://ftp.portal.dog-chemei.de/,21,ftp,REPORTS@portal.dog-chemei.de
ftp://ftp.tractorandinas.com/,21,ftp,admin@tractorandinas.com
ftp://universalinks.net/,21,ftp,bring4@universalinks.net
ftp://ftp.ldgroup.ge/,21,ftp,maninja@ldgroup.ge
ftp://103.108.220.179/,21,ftp,xxphworks@decorifylife.com
ftp://srbizasrbe.org/,21,ftp,ik@srbizasrbe.org
ftp://ftp.cosmolensky.com/,21,ftp,ivfo@cosmolensky.com
ftp://ftp.ercolina-usa.com,21,ftp,Admin@ercolina-usa.com
ftp://198.54.120.145/,21,ftp,testam@flackesolute.com
ftp://eu-west-1.sftpcloud.io,21,ftp,yuroskomichaelanthony
ftp://ftp.northsrockusa.com/,21,ftp,admin@northsrockusa.com
ftp://ftp.yana-ius.ro/,21,ftp,user@yana-ius.ro
ftp://ftp.hdconstruct.ro/,21,ftp,FTPAdmin@hdconstruct.ro
ftp://ftp.omindexgroup.com/,21,ftp,info@omindexgroup.com
ftp://ftp.atelierzolotas.gr,21,ftp,michael@atelierzolotas.gr
ftp://eu-west-1.sftpcloud.io,21,ftp,4fd20d7f043d4b2d8da327ec8d2b91da
ftp://ftp.dgmaws.com,21,ftp,sale@dgmaws.com
ftp://ftp.kamen.si,21,ftp,cloud@kamen.si
ftp://ftp.centredebeautenellycettier.fr/,21,ftp,cloud@centredebeautenellycettier.fr
ftp://ftp.provodi.com/,21,ftp,log2@provodi.com
ftp://ftp.tecnov.cc,21,ftp,newcee@tecnov.cc
ftp://ftp.code-jet.com,21,ftp,admin@code-jet.com
ftp://ftp.vvspijkenisse.nl,21,ftp,bringlogsformoney@vvspijkenisse.nl
ftp://ftp.mercuresurabaya.com,21,ftp,gentle@mercuresurabaya.com
ftp://94.156.71.128,21,ftp,sysuser
ftp://mercuresurabaya.com,21,ftp,D354@mercuresurabaya.com
ftp://ftp.ocp.mx,21,ftp,useme@ocp.mx
ftp://mercuresurabaya.com,21,ftp,m4n494r@mercuresurabaya.com
ftp://ftp.akguneselektrik.com,21,ftp,akgunes
ftp://valvulasthermovalve.cl,21,ftp,cva19491@valvulasthermovalve.cl
ftp://indra-precision.co.th,21,ftp,2nd11ori@indra-precision.co.th
ftp://ftp.acc-engineering.xyz,21,ftp,admin@bepcoparts.cam
ftp://mercuresurabaya.com,21,ftp,j3ph@mercuresurabaya.com
ftp://ftp.firmrendering.com.au,21,ftp,bonn@firmrendering.com.au
ftp://gmrentacar.gr,21,ftp,bucket@gmrentacar.gr
ftp://ftp.biroiklansurabaya.com,21,ftp,uuinlaw@biroiklansurabaya.com
ftp://ftp.elmetrindo.com,21,ftp,doncee@elmetrindo.com
ftp://gmrentacar.gr,21,ftp,d099y@gmrentacar.gr
ftp://ftp.ocp.mx/,21,ftp,useme@ocp.mx
ftp://ftp.mgcpakistan.com,21,ftp,infoo@mgcpakistan.com
ftp://mercuresurabaya.com,21,ftp,Metro.9eneral@mercuresurabaya.com
ftp://ftp.vpeszi.hu,21,ftp,intelneworigin@vpeszi.hu
ftp://ftp.navetesilazi.ro,21,ftp,AdminFTP3@navetesilazi.ro
ftp://ftp.wymascensores.com,21,ftp,john@wymascensores.com
ftp://thedress.pk,21,ftp,texas@thedress.pk
ftp://mercuresurabaya.com,21,ftp,milordy@mercuresurabaya.com
ftp://ftp.heidloph.com/,21,ftp,info@heidloph.com
ftp://ftp.alcaldiadecoatepeque.gob.sv/,21,ftp,orgine@alcaldiadecoatepeque.gob.sv
ftp://ftp.dveshop.ro/,21,ftp,webshots@dveshop.ro
ftp://ftp.artemusa.cl/,21,ftp,moneymove@artemusa.cl
ftp://ftp.seatradeshipping.net/,21,ftp,KOKO@seatradeshipping.net
ftp://ftp.martur.cl,21,ftp,admin@martur.cl
ftp://ftp.bestmancms.com,21,ftp,admin_super
ftp://ftp.aksumer.com,21,ftp,zadmin@aksumer.com
ftp://mercuresurabaya.com,21,ftp,Sung.Hangul@mercuresurabaya.com
ftp://ftp.code-jet.com,21,ftp,ben@code-jet.com
ftp://ftp.deconbrio.com,21,ftp,myth@deconbrio.com
ftp://ftp.navetesilazi.ro,21,ftp,FTPAdmin@navetesilazi.ro
ftp://ftp.aktivos.cl,21,ftp,apama@aktivos.cl
ftp://188.239.191.167,21,ftp,Admin2@trsfr.com
ftp://ftp.alternatifplastik.com,21,ftp,kec@alternatifplastik.com
ftp://ftp.cvgunawanplastik.com,21,ftp,daviddata1@cvgunawanplastik.com
ftp://files.000webhost.com,21,ftp,tain77
ftp://ftp.cvgunawanplastik.com,21,ftp,daviddata@cvgunawanplastik.com
ftp://194.31.98.108/,21,ftp,jdfhhytyt25
ftp://ftp.aktivos.cl,21,ftp,apama2@aktivos.cl
ftp://ftp.pn-nunukan.go.id,21,ftp,ceeindo@pn-nunukan.go.id
ftp://ftp.playnicebrand.com,21,ftp,fttm@playnicebrand.com
ftp://ftp.richenqtex.me,21,ftp,remcos@richenqtex.me
ftp://ftp.aktivos.cl,21,ftp,cuzinnoble@aktivos.cl
ftp://ftp.customcedarfencesmichigan.com,21,ftp,kaay@customcedarfencesmichigan.com
ftp://ftp.customcedarfencesmichigan.com,21,ftp,babacee@customcedarfencesmichigan.com
ftp://ftp.customcedarfencesmichigan.com,21,ftp,inlaw@customcedarfencesmichigan.com
ftp://85.195.105.125,21,ftp,Administrator
ftp://ftp.code-jet.com,21,ftp,info@code-jet.com
ftp://ftp.atikol.cam,21,ftp,solid_gaming@atikol.cam
ftp://ftp.cvgunawanplastik.com,21,ftp,info@cvgunawanplastik.com
ftp://ftp.yamanlartekstil.com,21,ftp,pyamanUi
ftp://ftp.gerimpex.com,21,ftp,originlogs@gerimpex.com
ftp://ftp.acc-engineering.xyz,21,ftp,report@acc-engineering.xyz
ftp://ftp.wymascensores.com,21,ftp,wymm@wymascensores.com
ftp://almasa.com.pe,21,ftp,seelogs@almasa.com.pe
ftp://gmrentacar.gr,21,ftp,w123@gmrentacar.gr
ftp://brdm.cloud,21,ftp,birdman2023@brdm.cloud
ftp://files.000webhost.com,21,ftp,socoxx
ftp://ftp.papeleriaveneplast.com,21,ftp,mojooo@papeleriaveneplast.com
ftp://ftp.kesoremrayon.com,21,ftp,bro@kesoremrayon.com
ftp://ftp.wymascensores.com,21,ftp,info@wymascensores.com
ftp://ftp.vvspijkenisse.nl,21,ftp,originupdate@vvspijkenisse.nl
ftp://peruglobo.com,21,ftp,0n0w0phili@peruglobo.com
ftp://ftp.valvulasthermovalve.cl,21,ftp,cva19491@valvulasthermovalve.cl
ftp://ftp.grupomorales.mx,21,ftp,chapoxxx@grupomorales.mx
ftp://ftp.atikol.cam,21,ftp,lucky@atikol.cam
ftp://ftp.rfconnactor.com,21,ftp,indiaba@rfconnactor.com
ftp://royal-arois.com,21,ftp,tsd@royal-arois.com
ftp://ftp.ercolina-usa.com,21,ftp,info@ercolina-usa.com
ftp://ftp.adamestarsa.hu/,21,ftp,maltina@adamestarsa.hu
ftp://ftp.alonsorojasmudanzasnacionales.com/,21,ftp,ama@alonsorojasmudanzasnacionales.com
ftp://ftp.kamen.si,21,ftp,pro@kamen.si
ftp://ftp.yurabeauty.com,21,ftp,zzz@yurabeauty.com
ftp://195.58.39.94,21,ftp,adm@product-secured.com
ftp://ftp.mcmprint.net,21,ftp,new1@mcmprint.net
ftp://ftp.quitkostewart.com,21,ftp,digital@quitkostewart.com
ftp://ftp.lucd.ru,21,ftp,info@lucd.ru
ftp://c5comunicacao.com.br,21,ftp,abl@c5comunicacao.com.br
ftp://195.58.39.94,21,ftp,dcross@filedownload.info
ftp://ftp.redemed.xyz,21,ftp,chuu12@redemed.xyz
ftp://ftp.associatessystems.com,21,ftp,zturkey@associatessystems.com
ftp://ftp.rfconnactor.com,21,ftp,chuksindia@rfconnactor.com
ftp://195.58.39.94,21,ftp,david@product-secured.com
ftp://195.58.39.94,21,ftp,sebastine@invoicedownload.info
ftp://195.58.39.94,21,ftp,john@filedownload.info
ftp://ftp.gefs.com.ec,21,ftp,ftpdroid@gefs.com.ec
ftp://ftp.code-jet.com,21,ftp,me@code-jet.com
ftp://ftp.homesteadgroove.com,21,ftp,ceecee@homesteadgroove.com
ftp://ftp.confotrchem.com,21,ftp,urch@confotrchem.com
ftp://ftp.logistor.hu,21,ftp,pro@logistor.hu
ftp://ftp.dutygroup.com.br,21,ftp,mela@dutygroup.com.br
ftp://ftp.mgcpakistan.com/,21,ftp,ddd@mgcpakistan.com
ftp://ftp.sisoempresarialsas.com,21,ftp,cousin@sisoempresarialsas.com
ftp://ftp.sisoempresarialsas.com,21,ftp,droid@sisoempresarialsas.com
ftp://ftp.code-jet.com,21,ftp,user@code-jet.com
ftp://files.000webhost.com,21,ftp,zincox
ftp://carbonwatt.com,21,ftp,carbonwatt@carbonwatt.com
ftp://ftp.peva.it,21,ftp,anita@peva.it
ftp://ftp.instantprint.ro/,21,ftp,coded@instantprint.ro
ftp://ftp.blocexpert.eu,21,ftp,bloc@blocexpert.eu
ftp://ftp.impermilo.com.mx,21,ftp,delawzizz@impermilo.com.mx
ftp://flosym.com.my,21,ftp,Humblemb@flosym.com.my
ftp://ftp.sentientshift.com,21,ftp,enti@sentientshift.com
ftp://ftp.ssttekstil.com/,21,ftp,pro@ssttekstil.com
ftp://ftp.prolifebacau.ro,21,ftp,FTPAdmin@prolifebacau.ro
ftp://ftp.rabinpaintingservices.com.au,21,ftp,rabin@rabinpaintingservices.com.au
ftp://ftp.kamtechworld.com,21,ftp,user@kamtechworld.com
ftp://ftp.gammawallish.monster,21,ftp,klgz@stroypremiumnn.com
ftp://ftp.vvspijkenisse.nl,21,ftp,ICEZFTP@vvspijkenisse.nl
ftp://ftp.urbantopo.gr,21,ftp,urban@urbantopo.gr
ftp://ftp.antleds.com,21,ftp,info@antleds.com
ftp://ftp.ectrowconstrutora.com.br,21,ftp,ectro@ectrowconstrutora.com.br
ftp://files.000webhost.com,21,ftp,edfried
ftp://ftp.bioterra.com.pl,21,ftp,bat@bioterra.com.pl
ftp://ftp.sentientshift.com,21,ftp,shift@sentientshift.com
ftp://ftp.vintageconcepts.biz,21,ftp,concept@vintageconcepts.biz
ftp://ftp.mcmprint.net,21,ftp,klogz@mcmprint.net
ftp://ftp.sunfungl.com,21,ftp,xx@sunfungl.com
ftp://ftp.valvulasthermovalve.cl/,21,ftp,cva19491@valvulasthermovalve.cl
ftp://ftp.gtasportsltd.com,21,ftp,vedooo@gtasportsltd.com
ftp://ftp.gammawallish.monster,21,ftp,bonn@gammawallish.monster
ftp://ftp.cleaningagent.xyz,21,ftp,billions@cleaningagent.xyz
ftp://ftp.crownoffice.xyz,21,ftp,office2@crownoffice.xyz
ftp://ftp.maybk2u.com,21,ftp,info@maybk2u.com
ftp://ftp.gammawallish.monster,21,ftp,c2@gammawallish.monster
ftp://ftp.obikolki.com,21,ftp,a1@obikolki.com
ftp://ftp.voqels.com,21,ftp,COME@voqels.com
ftp://ftp.sentientshift.com,21,ftp,senti@sentientshift.com
ftp://ftp.symmdentaesthetics.com/,21,ftp,smart@symmdentaesthetics.com/
ftp://ftp.basariotomotive.com,21,ftp,drf@basariotomotive.com
ftp://ftp.electrobist.com,21,ftp,ok@electrobist.com
ftp://ftp.mse.com.cy/,21,ftp,bugattimse@mse.com.cy
ftp://ftp.mygsac.com/,21,ftp,1st2021@mygsac.com
ftp://ftp.basariotomotive.com/,21,ftp,baron@basariotomotive.com
ftp://ftp.curidesigner.com/,21,ftp,ddd@curidesigner.com
ftp://ftp.curidesigner.com/,21,ftp,dod@curidesigner.com
ftp://ftp.dveshop.ro/,21,ftp,dve1@dveshop.ro
ftp://ftp.transdealer.cl/,21,ftp,originlogs2021@transdealer.cl
ftp://ftp.kelon.my.id,21,ftp,infoo@kelon.my.id
ftp://transiberia.ge,21,ftp,raizorblade@transiberia.ge
ftp://192.3.223.202,21,ftp,ftplogs
ftp://ftp.cleaningagent.xyz,21,ftp,relief1303@cleaningagent.xyz
ftp://ftp.nauabe.com,21,ftp,machetnet@nauabe.com
ftp://ftp.electrobist.com,21,ftp,user1@electrobist.com
ftp://ftp.gettoner.com.mx,21,ftp,delawizz@gettoner.com.mx
ftp://ftp.realcocina.com,21,ftp,yaleuni@realcocina.com
ftp://ftp.gettoner.com.mx/,21,ftp,droid@gettoner.com.mx
ftp://ftp.brado-it.com,21,ftp,001@brado-it.com
ftp://ftp.msmistura.com.br,21,ftp,gozmann@msmistura.com.br
ftp://mfaraday.com/,21,ftp,rbstub@mfaraday.com
ftp://ftp.deconbrio.com,21,ftp,chris@deconbrio.com
ftp://ftp.symmdentaesthetics.com/,21,ftp,mob@symmdentaesthetics.com
ftp://41.216.183.100,21,ftp,ftplogs11
ftp://ftp.electrobist.com,21,ftp,admin@electrobist.com
ftp://ftp.deconbrio.com,21,ftp,frank@deconbrio.com
ftp://ftp.fibergrating.ir,21,ftp,user@fibergrating.ir
ftp://ftp.taksan-algerie.com,21,ftp,taksan@taksan-algerie.com
ftp://ftp.mcmprint.net,21,ftp,noffice@mcmprint.net
ftp://ftp.lansol.com,21,ftp,mlgz@lansol.com
ftp://41.216.183.10,21,ftp,ftplogs1
ftp://ftp.ssttekstil.com,21,ftp,pro@ssttekstil.com
ftp://ftp.my-skin.ro,21,ftp,chuckss@my-skin.ro
ftp://ftp.brado-it.com,21,ftp,002@brado-it.com
ftp://transiberia.ge,21,ftp,do.double.g@transiberia.ge
ftp://carbonwatt.com,21,ftp,carbon@carbonwatt.com
ftp://ftp.almasa.com.pe,21,ftp,sept@almasa.com.pe
ftp://ftp.electrobist.com,21,ftp,info@electrobist.com
ftp://ftp.good-shepherd-ministries.org/,21,ftp,ddd@good-shepherd-ministries.org
ftp://198.252.101.199,21,ftp,admin_george
ftp://ftp.lemendoza.com,21,ftp,infoo@lemendoza.com
ftp://ftp.collinssaludnatural.com/,21,ftp,frieght@collinssaludnatural.com
ftp://ftp.silgroups.com,21,ftp,report@silgroups.com
ftp://superredesdeprotecao.com.br,21,ftp,official@superredesdeprotecao.com.br
ftp://ftp.artrsllc.com/,21,ftp,whitemoney11@artrsllc.com
ftp://mfaraday.com/,21,ftp,13ird@mfaraday.com
ftp://192.3.223.202/,21,ftp,ftplogs
ftp://ftp.onogost.com/,21,ftp,infoo@onogost.com
ftp://ftp.collinssaludnatural.com/,21,ftp,cargo@collinssaludnatural.com
ftp://ftp.lizaneya.com/,21,ftp,liza@lizaneya.com
ftp://ftp.artrsllc.com/,21,ftp,amanni@artrsllc.com
ftp://transiberia.ge,21,ftp,engr@transiberia.ge
ftp://ftp.overviewsupplies.com/,21,ftp,c-office@wiprorealstate.com
ftp://transiberia.ge,21,ftp,empero@transiberia.ge
ftp://ftp.overviewsupplies.com/,21,ftp,wrk1@wiprorealstate.com
ftp://ftp.officeonguard.com/,21,ftp,wazy@officeonguard.com
ftp://ftp.centaragoga.com/,21,ftp,cloud@centaragoga.com
ftp://ftp.akmokykla.lt/,21,ftp,pro@akmokykla.lt
ftp://ftp.boloni.ma/,21,ftp,infoo@boloni.ma
ftp://ftp.westeurotrans.ro/,21,ftp,DestFTP@westeurotrans.ro
ftp://ftp.escrobshared.com/,21,ftp,admin@escrobshared.com
ftp://ftp.adesgroup.co/,21,ftp,snakeftplogs@adesgroup.co
ftp://78.138.105.142/,21,ftp,bright
ftp://ftp.techlabinfo.com.br/,21,ftp,dataoffice01@techlabinfo.com.br
ftp://ldgroup.ge/,21,ftp,baht@ldgroup.ge
ftp://alighierieventos.com/,21,ftp,buhari0f9ja@alighierieventos.com
ftp://ftp.alonsorojasmudanzasnacionales.com/,21,ftp,okok@alonsorojasmudanzasnacionales.com
ftp://ftp.kamaks.com.tr/,21,ftp,pally@kamaks.com.tr
ftp://ftp.freguesiadepenafiel.pt/,21,ftp,1337@freguesiadepenafiel.pt
ftp://ftp.icomponents.am/,21,ftp,office@icomponents.am
ftp://ftp.cnpbv.ro/,21,ftp,webadmin@cnpbv.ro
ftp://eaglepaintuae.com/,21,ftp,loka@eaglepaintuae.com
ftp://ftp.gayatricontrol.com/,21,ftp,ogbu1@gayatricontrol.com
ftp://ftp.madlev.ro/,21,ftp,rmad@madlev.ro
ftp://ftp.alonsorojasmudanzasnacionales.com/,21,ftp,gamzy@alonsorojasmudanzasnacionales.com
ftp://eaglepaintuae.com/,21,ftp,eng@eaglepaintuae.com
ftp://ftp.kassetiabi.ee/,21,ftp,seed@kassetiabi.ee
ftp://64.188.21.105/,21,ftp,shanti
ftp://ftp.alonsorojasmudanzasnacionales.com/,21,ftp,aj@alonsorojasmudanzasnacionales.com
ftp://win8039.site4now.net/,21,ftp,mauriceoffice0-001
ftp://78.138.105.142/,21,ftp,charles
ftp://78.138.105.142/,21,ftp,cent
ftp://ftp.alonsorojasmudanzasnacionales.com/,21,ftp,kings@alonsorojasmudanzasnacionales.com
ftp://win5063.site4now.net/,21,ftp,sexydoings-001
ftp://umc-tech.com/,21,ftp,zinox@umc-tech.com
ftp://win5072.site4now.net/,21,ftp,sllngprice-001
ftp://ftp.prisamexico.net/,21,ftp,security_logs@prisamexico.net
ftp://78.138.105.142/,21,ftp,gibson
ftp://ftp.kassetiabi.ee/,21,ftp,star@kassetiabi.ee
ftp://alocentromedico.com.pe/,21,ftp,werty@alocentromedico.com.pe
ftp://ftp.artrsllc.com/,21,ftp,mine@artrsllc.com
ftp://78.138.105.142/,21,ftp,black
ftp://78.138.105.142/,21,ftp,nana
ftp://ftp.hdconstruct.ro/,21,ftp,FTPAdini@hdconstruct.ro
ftp://78.138.105.142/,21,ftp,nana2
ftp://ftp.artrsllc.com/,21,ftp,enugu1@artrsllc.com
ftp://ftp.trambaohanhelectroluxhn.com/,21,ftp,Newloggss2022@trambaohanhelectroluxhn.com
ftp://ftp.gumabelt.com/,21,ftp,infoo@gumabelt.com
ftp://78.138.105.142/,21,ftp,michael
ftp://ftp.artrsllc.com/,21,ftp,cheng@artrsllc.com
ftp://ftp.taskhub.org.uk/,21,ftp,blogz@taskhub.org.uk
ftp://ftps4.us.freehostia.com/,21,ftp,sosfis
ftp://ftp.geohotw.com/,21,ftp,info@geohotw.com
ftp://ftp.umc-tech.com/,21,ftp,umc@umc-tech.com
ftp://78.138.105.142/,21,ftp,devis1
ftp://dragonwingsonline.org/,21,ftp,dragonwi
ftp://ftp.emifile.com/,21,ftp,security01@emifile.com
ftp://ftp.gayatricontrol.com/,21,ftp,ogbu@gayatricontrol.com
ftp://ftp.oscarwellton.ga/,21,ftp,abura@oscarwellton.ga
ftp://ftp.cnvester.com/,21,ftp,aluka@cnvester.com
ftp://ftp.marketsales.6te.net/,21,ftp,marketsales.6te.net
ftp://ftp.exploits.site/,21,ftp,grace@exploits.site
ftp://bitrix340.timeweb.ru/,21,ftp,ci41021
ftp://ftp.phoenxsourcing.asia/,21,ftp,Databases@phoenxsourcing.asia
ftp://78.138.105.142/,21,ftp,stan
ftp://78.138.105.142/,21,ftp,stev
ftp://78.138.105.142/,21,ftp,blessed
ftp://ftp.valvulasthermovalve.cl/,21,ftp,leo@valvulasthermovalve.cl
ftp://194.31.98.108/,21,ftp,jfghjgooii18
ftp://ftp.unitelha.com/,21,ftp,kilop@unitelha.com
ftp://194.31.98.108/,21,ftp,hgfhfdgty29
ftp://ftp.tashipta.com/,21,ftp,webpage@tashipta.com
ftp://194.31.98.108/,21,ftp,dfhdjfh14
ftp://194.31.98.108/,21,ftp,bvhffasoo3
ftp://194.31.98.108/,21,ftp,weohghgy30
ftp://ftp.phoenxsourcing.asia/,21,ftp,Chikaofficework@phoenxsourcing.asia
ftp://194.31.98.108/,21,ftp,hdfhdfdhf11
ftp://ftp.adesgroup.co/,21,ftp,princewill@adesgroup.co
ftp://ftp.amalgama-com.gq/,21,ftp,yes@amalgama-com.gq
ftp://ftp.umc-tech.com/,21,ftp,vinco@umc-tech.com
ftp://ftp.richenqtex.me/,21,ftp,ts-wire@richenqtex.me
ftp://ftp.solarcenter.ro/,21,ftp,webmaster@solarcenter.ro
ftp://ftp.excellne.net/,21,ftp,cmerchan@iiefsa.com.mx
ftp://ftp.targetdhr.com/,21,ftp,worby@targetdhr.com
ftp://ftp.tde.ro/,21,ftp,pascal@tde.ro
ftp://premium38.timeweb.ru/,21,ftp,cu11627
ftp://ftp.chinazhonghang.com/,21,ftp,nelly@chinazhonghang.com
ftp://palmtrensit.com/,21,ftp,farmlogs@palmtrensit.com
ftp://susannes.eu5.org/,21,ftp,susannes.eu5.org
ftp://ftp.adesgroup.co/,21,ftp,ygnation@adesgroup.co
ftp://ftp.persisiciptautama.com/,21,ftp,log@persisiciptautama.com
ftp://ftp.connectus-trade.net/,21,ftp,one@connectus-trade.net
ftp://ftp.rodat.by/,21,ftp,moneylogs231@rodat.by
ftp://ftp.classeeformas.com/,21,ftp,mannn@classeeformas.com
ftp://ftp.rebu.co.rw/,21,ftp,sons@rebu.co.rw
ftp://ftp.autobulbs.com/,21,ftp,bulbauto@autobulbs.com
ftp://asnbanknl.com/,21,ftp,smartpips
ftp://ftp.ciftci.com.tr/,21,ftp,odo@ciftci.com.tr
ftp://gsmtp.me/,21,ftp,mikano
ftp://b7d38dd3.freetzi.com/,21,ftp,b7d38dd3.freetzi.com
ftp://ftp.c2cmarketing.co.in/,21,ftp,info@c2cmarketing.co.in
ftp://ftp.ciftci.com.tr/,21,ftp,oluomo@ciftci.com.tr
ftp://ftp.radarcncs.com/,21,ftp,admin@radarcncs.com
ftp://ftp.bmdonline.ro/,21,ftp,webhost@bmdonline.ro
ftp://sozimail.com/,21,ftp,family
ftp://ftp.kassohome.com.tr/,21,ftp,bringlogs@kassohome.com.tr
ftp://ftp.sman22sby.sch.id/,21,ftp,sman2sby@sman22sby.sch.id
ftp://ftp.ableacn.com/,21,ftp,info@ableacn.com
ftp://ftp.hraspirations.com/,21,ftp,test@hraspirations.com
ftp://ftp.construccionesyaceros.com/,21,ftp,millionlogs@construccionesyaceros.com
ftp://ftp.desguacespalomino.com/,21,ftp,ori@desguacespalomino.com
ftp://ftp.ciftci.com.tr/,21,ftp,coil@ciftci.com.tr
ftp://ftp.mrgladvogado.com/,21,ftp,eme@mrgladvogado.com
ftp://ftp.southeating.com/,21,ftp,aceboss@southeating.com
ftp://ftp.lilangelness.com/,21,ftp,lilan@lilangelness.com
ftp://ftp.tde.ro/,21,ftp,data@tde.ro
ftp://server.siaemic.cam/,21,ftp,marshal@siaemic.cam
ftp://ftp.bazuka321.com/,21,ftp,cuba@bazuka321.com
ftp://ftp.nedtek.com.au/,21,ftp,abs00001@nedtek.com.au
ftp://ftp.tsd.in/,21,ftp,zz@tsd.in
ftp://ftp.kokobg.com/,21,ftp,guide@kokobg.com
ftp://ftp.chinas-ccp.com/,21,ftp,info@chinas-ccp.com
ftp://ftp.martasmebeles.lv/,21,ftp,approve@martasmebeles.lv
ftp://ftp.tashipta.com/,21,ftp,stan@tashipta.com
ftp://ftp.becommodal.com/,21,ftp,ddd@becommodal.com
ftp://ftp.is-kagrup.com/,21,ftp,md@is-kagrup.com
ftp://dextrotrading.com/,21,ftp,hosting@dextrotrading.com
ftp://gtbanks-gambia.com/,21,ftp,cintofaw
ftp://ftp.c2cmarketing.co.in/,21,ftp,admin@c2cmarketing.co.in
ftp://ftp.vilaursutismana.ro/,21,ftp,moneybag@vilaursutismana.ro
ftp://ftp.ciftci.com.tr/,21,ftp,abo@ciftci.com.tr
ftp://premium38.timeweb.ru/,21,ftp,cq46072
ftp://kagabo.net/,21,ftp,run@kagabo.net
ftp://triathlon-batteries-uk.com/,21,ftp,maxistantifa
ftp://bradatch.com/,21,ftp,morgan@bradatch.com
ftp://ftp.lysandruolaw.com/,21,ftp,anhara@lysandruolaw.com
ftp://ftp.artego.ro/,21,ftp,fast1@artego.ro
ftp://ftp.cleanprolaundryparts.com/,21,ftp,abs001@cleanprolaundryparts.com
ftp://ftp.aydangroup.com.my/,21,ftp,original@aydangroup.com.my
ftp://ftp.universalinks.net/,21,ftp,bring4@universalinks.net
ftp://premium38.timeweb.ru/,21,ftp,cr57313
ftp://ftp.tashipta.com/,21,ftp,esimexmhk@tashipta.com
ftp://ftp.fratellidelpiano.com/,21,ftp,pask@fratellidelpiano.com
ftp://ftp.airporations.com/,21,ftp,ddd@airporations.com
ftp://trend.fischer-landmaschinen.me/,21,ftp,troopss@fischer-landmaschinen.me
ftp://ftp.southeating.com/,21,ftp,aridon@southeating.com
ftp://ftp.klass-hydrauliks.ro/,21,ftp,images1@klass-hydrauliks.ro
ftp://ftp.turblneservices.com/,21,ftp,knights@turblneservices.com
ftp://ftp.ciftci.com.tr/,21,ftp,anhara@ciftci.com.tr
ftp://ftp.deep-distribution.ro/,21,ftp,stan_111@deep-distribution.ro
ftp://ftp.vitessesrl.ro/,21,ftp,vites@vitessesrl.ro
ftp://66.45.232.205/,21,ftp,dod@kft-jp.com
ftp://ftp.irregnancised.com/,21,ftp,myorgin@irregnancised.com
ftp://66.45.232.205/,21,ftp,myorigin@kft-jp.com
ftp://ftp.porteriascoral.com/,21,ftp,kaywhy@porteriascoral.com
ftp://ftp.pan-door.gr/,21,ftp,open@pan-door.gr
ftp://ftp.valea-iazurilor.ro/,21,ftp,Og@valea-iazurilor.ro
ftp://ftp.zzv.ro/,21,ftp,webshop@zzv.ro
ftp://ftp.tde.ro/,21,ftp,sub_new@tde.ro
ftp://ftp.irregnancised.com/,21,ftp,hoh@irregnancised.com
ftp://ftp.kassohome.com.tr/,21,ftp,Ernest2020@kassohome.com.tr
ftp://ftp.irregnancised.com/,21,ftp,dod@irregnancised.com
ftp://ftp.irregnancised.com/,21,ftp,ddd@irregnancised.com
ftp://ftp.alonsorojasmudanzasnacionales.com/,21,ftp,yes@alonsorojasmudanzasnacionales.com
ftp://185.112.250.214/,21,ftp,meme@ciec-c.com
ftp://ftp.jordi-spedition.com/,21,ftp,taller@jordi-spedition.com
ftp://bradatch.com/,21,ftp,vic@bradatch.com
ftp://ftp.mcspa.co.il/,21,ftp,mcspa@mcspa.co.il
ftp://ftp.airplpetech.com/,21,ftp,sirmomo@airplpetech.com
ftp://adesgroup.co/,21,ftp,snakeftplogs@adesgroup.co
ftp://ftp.navetesilazi.ro/,21,ftp,sunny@navetesilazi.ro
ftp://khanssociates.com/,21,ftp,snakenum1@khanssociates.com
ftp://khanssociates.com/,21,ftp,Austinoffice@khanssociates.com
ftp://ftp.superdragooncar.com/,21,ftp,ddd@superdragooncar.com
ftp://bradatch.com/,21,ftp,farmer@bradatch.com
ftp://travels-plan.com/,21,ftp,travelsplan
ftp://ftp.bluecomunidad.com/,21,ftp,rb9ja@bluecomunidad.com
ftp://ftp.voscorp.net/,21,ftp,ntumaka@voscorp.net
ftp://bluecomunidad.com/,21,ftp,rb9ja@bluecomunidad.com
ftp://ftp.dveshop.ro/,21,ftp,ftpsun@dveshop.ro
ftp://ftp.steeleratoms.com/,21,ftp,ddd@steeleratoms.com
ftp://ftp.gurkhasgroup.com.np/,21,ftp,jerry@gurkhasgroup.com.np
ftp://ftp.lysandruolaw.com/,21,ftp,admin@lysandruolaw.com
ftp://ftp.steeleratoms.com/,21,ftp,dod@steeleratoms.com
ftp://ftp.accinning-tw.com/,21,ftp,mimi@accinning-tw.com
ftp://ftp.embalados.cl/,21,ftp,masivelogsbringer@embalados.cl
ftp://ftp.interprizecloude.com/,21,ftp,hoh@interprizecloude.com
ftp://ftp.artemusa.cl/,21,ftp,lookingforlogs@artemusa.cl
ftp://ftp.bradatch.com/,21,ftp,luv@bradatch.com
ftp://qs-xc@qs-xc.com/,21,ftp,qs-xc@qs-xc.com
ftp://ftp.indomonangjadi.com/,21,ftp,bri@indomonangjadi.com
ftp://ftp.alphaprimeinv.com/,21,ftp,logins@origin.alphaprimeinv.com
ftp://ftp.heidloph.com/,21,ftp,admin@heidloph.com
ftp://ftp.alonsorojasmudanzasnacionales.com/,21,ftp,good@alonsorojasmudanzasnacionales.com
ftp://ftp.transportesbyh.cl/,21,ftp,moneylogs@transportesbyh.cl
ftp://ftp.privatefud.com/,21,ftp,sos@privatefud.com
ftp://ftp.seatradeshipping.net/,21,ftp,Mani@seatradeshipping.net
ftp://93.114.128.104/,21,ftp,victor@affcetv.email
ftp://93.114.128.104/,21,ftp,famer@affcetv.email
ftp://ftp.vila-gabriel.ro/,21,ftp,AdminFTP@vila-gabriel.ro
ftp://ftp.ecodena.com.gt/,21,ftp,rpe@ecodena.com.gt
ftp://constructoramls.com/,21,ftp,dodo-africa@constructoramls.com
ftp://ftp.totallyanonymous.com/,21,ftp,azukbotsftp@totallyanonymous.com
ftp://ftp.urbanlogistics.vip/,21,ftp,richardhash@al-harbi-trading.com
ftp://ftp.st05.net/,21,ftp,ja-rule@st05.net
ftp://ftp.chinazhonghang.com/,21,ftp,2@chinazhonghang.com
ftp://ftp.shanpak.com/,21,ftp,shanpakk@shanpak.com
ftp://amalgama-com.gq/,21,ftp,monni@amalgama-com.gq
ftp://ftp.officeonguard.com/,21,ftp,chizzu@officeonguard.com
ftp://ftp.woodwardpakistan.com/,21,ftp,infoo@woodwardpakistan.com
ftp://ftp.valvulasthermovalve.cl/,21,ftp,cva19494@valvulasthermovalve.cl
ftp://ftp.onlinereceipts.ga/,21,ftp,sysuser
ftp://167.88.170.103/,21,ftp,daveinfo@hojokk.com
ftp://ftp.videoalliance.ru/,21,ftp,NEXTCASHOUT@videoalliance.ru
ftp://ftp.pirana.co.rs/,21,ftp,traders@pirana.co.rs
ftp://ftp.alpinedoc.com/,21,ftp,imar@olux.alpinedoc.com
ftp://ftp.richenqtex.me/,21,ftp,logs@richenqtex.me
ftp://ftp.videoalliance.ru/,21,ftp,pleaseworkwell@videoalliance.ru
ftp://smail12.linkpc.net/cfo/,21,ftp,control
ftp://smail12.linkpc.net/,21,ftp,tmt@georgia.state.gov
ftp://ftp.softg.com.ng/,21,ftp,mylogs@softg.com.ng
ftp://ftp.gladiators44.xyz/,21,ftp,jasparo@gladiators44.xyz
ftp://ftp.bluecomunidad.com/,21,ftp,africa417@bluecomunidad.com
ftp://amalgama-com.gq/,21,ftp,sterling@amalgama-com.gq
ftp://ftp.kingceiling.com/,21,ftp,degrace@kingceiling.com
ftp://alonsorojasmudanzasnacionales.com/,21,ftp,lepes@alonsorojasmudanzasnacionales.com
ftp://cotransa.ga/,21,ftp,moni@cotransa.ga
ftp://ftp.ansamble.co/,21,ftp,victor@ansamble.co
ftp://amalgama-com.gq/,21,ftp,oil@amalgama-com.gq
ftp://ftp.solucionest.com.ar/,21,ftp,office@solucionest.com.ar
ftp://ftp.bluecomunidad.com/,21,ftp,afrc2022@bluecomunidad.com
ftp://ftp.teak-wicker.com/,21,ftp,ekene@teak-wicker.com
ftp://ftp.porteriascoral.com/,21,ftp,geddem@porteriascoral.com
ftp://yana-ius.ro/,21,ftp,admin@yana-ius.ro
ftp://ftp.softg.com.ng/,21,ftp,ogd@blessedxmhk.com.ng
ftp://ftp.vicarmuebles.com.ar/,21,ftp,newlogs2020@vicarmuebles.com.ar
ftp://ftp.totallyanonymous.com/,21,ftp,lema2@totallyanonymous.com
ftp://ftp.bluecomunidad.com/,21,ftp,africa-netmail@bluecomunidad.com
ftp://nanyainc.cf/,21,ftp,morito@nanyainc.cf
ftp://ftp.officeonguard.com/,21,ftp,gee24@officeonguard.com
ftp://ftp.bazuka321.com/,21,ftp,logs@bazuka321.com
ftp://ftp.hustle360.a2hosted.com/,21,ftp,exploits@hustle360.a2hosted.com
ftp://ftp.aramrak.eu/,21,ftp,user@alexbqnk.com
ftp://ftp.newworldimpex.co/,21,ftp,abu@teneskty.com
ftp://ftp.blessedxmhk.com.ng/,21,ftp,ad@blessedxmhk.com.ng
ftp://ftp.onelovehk.com.ng/,21,ftp,chisom@onelovehk.com.ng
ftp://ftp.voscorp.net/,21,ftp,ntums@voscorp.net
ftp://ftp.zolvtek.com/,21,ftp,origin@zolvtek.com
ftp://vh352.timeweb.ru/,21,ftp,ch65723
ftp://ftp.jk2.tech/,21,ftp,info1@jk2.tech
ftp://ftp.tsd.in/,21,ftp,zinco@tsd.in
ftp://ftp.namkwengcambo.com/,21,ftp,mnbaonu2@namkwengcambo.com
ftp://107.180.26.185/,21,ftp,gvj0stcg2jyc
ftp://ftp.mmdqatar.com/,21,ftp,mmdq@mmdqatar.com
ftp://ftp.tsd.in/,21,ftp,xworkings@tsd.in
ftp://salkic.co.ba/,21,ftp,cl@salkic.co.ba
ftp://ftp.dv-panda.hr/,21,ftp,mani@dv-panda.hr
ftp://ftp.hustle360.a2hosted.com/,21,ftp,uzoo@hustle360.a2hosted.com
ftp://ftp.leech.host/,21,ftp,info@leech.host
ftp://ftp.kagabo.net/,21,ftp,bring@kagabo.net
ftp://206.221.223.10/,21,ftp,j7s88qbkq9
ftp://ftp.hustle360.a2hosted.com/,21,ftp,kftp@hustle360.a2hosted.com
ftp://ftp.hustle360.a2hosted.com/,21,ftp,grace@hustle360.a2hosted.com
ftp://ftp.fox8live.com/,21,ftp,production
ftp://ftp.winsfgt.com/,21,ftp,mercy@winsfgt.com
ftp://ftp.waterchem.com.tr/,21,ftp,admin@waterchem.com.tr
ftp://ftp.elquijotebanquetes.com/,21,ftp,covid@elquijotebanquetes.com
ftp://ftp.themommycloset.com/,21,ftp,Kenny@themommycloset.com
ftp://ftp.motocoroneos.gr/,21,ftp,offshore@motocoroneos.gr
ftp://ftp.edconsgroup.xyz/,21,ftp,exploits@edconsgroup.xyz
ftp://ftp.teak-wicker.com/,21,ftp,burna@teak-wicker.com
ftp://enfesdantel.com/,21,ftp,ajonwa@enfesdantel.com
ftp://ftp.kultecivata.com.tr/,21,ftp,mani@kultecivata.com.tr
ftp://ftp.newworldimpex.co/,21,ftp,bigdols@teneskty.com
ftp://ftp.sunyimpex.com/,21,ftp,rich@sunyimpex.com
ftp://ftp.gene.ba/,21,ftp,dod@gene.ba
ftp://ftp.ecgs-egy.com/,21,ftp,british@ecgs-egy.com
ftp://ftp.broadpeak.co/,21,ftp,group@broadpeak.co
ftp://ftp.gracexmhk.info:21/,21,ftp,esime@gracexmhk.info
ftp://archmech-eg.com/,21,ftp,brownie@archmech-eg.com
ftp://primesinsured.com/,21,ftp,oil1@primesinsured.com
ftp://ftp.sunyimpex.com/,21,ftp,egbon@sunyimpex.com
ftp://primesinsured.com/,21,ftp,archievers@primesinsured.com
ftp://primesinsured.com/,21,ftp,prince@primesinsured.com
ftp://ftp.vizzwebsolutions.com/,21,ftp,vizzweb@towardsorigin.com
ftp://ftp.gene.ba/,21,ftp,cleaner@gene.ba
ftp://ftp.storewel.com/,21,ftp,elo@storewel.com
ftp://ftp.lauraracheldubos.com/,21,ftp,suni@lauraracheldubos.com
ftp://ftp.bluecomunidad.com/,21,ftp,mgr01@bluecomunidad.com
ftp://ftp.retissima.net/,21,ftp,maxi@retissima.net
ftp://ftp.omindexgroup.com/,21,ftp,orders@omindexgroup.com
ftp://primesinsured.com/,21,ftp,amani@primesinsured.com
ftp://ftp.retissima.net/,21,ftp,trader@retissima.net
ftp://ftp.limpetglobal.com/,21,ftp,2global@limpetglobal.com
ftp://ftp.nhaider.com/,21,ftp,lewok@nhaider.com
ftp://ftp.nhaider.com/,21,ftp,elo@nhaider.com
ftp://ftp.pfsbankgroup.com/,21,ftp,owo@pfsbankgroup.com
ftp://ftp.totallyanonymous.com/,21,ftp,marshallxxx@totallyanonymous.com
ftp://103.108.220.179/,21,ftp,zinco@demo.decorifylife.com
ftp://premium115.web-hosting.com/,21,ftp,gooddaddy@malatyabrlikorganik.com
ftp://ftp.mememert.com/,21,ftp,info@mememert.com
ftp://ftp.omindexgroup.com/,21,ftp,order1@omindexgroup.com
ftp://ftp.good-shepherd-ministries.org/,21,ftp,hhh@good-shepherd-ministries.org
ftp://ftp.manpowerpooling.ro/,21,ftp,poweradmin@manpowerpooling.ro
ftp://ftp.stcv-tw.com/,21,ftp,myyhk@stcv-tw.com
ftp://ftp.dkspot.net/,21,ftp,kalu@dkspot.net
ftp://ftp.ecurs.ro/,21,ftp,dropbox@ecurs.ro
ftp://ftp.ieaspk.com/,21,ftp,info@ieaspk.com
ftp://ftp.physemance.com/,21,ftp,dodo@physemance.com
ftp://ftp.omindexgroup.com/,21,ftp,order@omindexgroup.com
ftp://ftp.kirksbrew.com/,21,ftp,lbs@kirksbrew.com
ftp://ftp.omindexgroup.com/,21,ftp,admin@omindexgroup.com
ftp://ftp.northsrockusa.com/,21,ftp,shawn@northsrockusa.com
ftp://ftp.adpfr.ro/,21,ftp,fiterman@adpfr.ro
ftp://ftp.northsrockusa.com/,21,ftp,order@northsrockusa.com
ftp://ftp.northsrockusa.com/,21,ftp,osa@northsrockusa.com
ftp://khanssociates.com/,21,ftp,crown@khanssociates.com
ftp://ftp.physemance.com/,21,ftp,ddd@physemance.com
ftp://ftp.sirnivasaorganics.com/,21,ftp,reports@sirnivasaorganics.com
ftp://ftp.sunyimpex.com/,21,ftp,frandch@sunyimpex.com
ftp://ftp.vistusexpress.ao/,21,ftp,loggaz@vistusexpress.ao
ftp://ftp.vn-gpack.org/,21,ftp,Nwwwlooggs@vn-gpack.org
ftp://ftp.vespang.ga/,21,ftp,sayang@vespang.ga
ftp://ftp.cosmolensky.com/,21,ftp,dodon@cosmolensky.com
ftp://ftp.alighierieventos.com/,21,ftp,wiseman@alighierieventos.com
ftp://ftp.ecurs.ro/,21,ftp,08-09-2021@ecurs.ro
ftp://ftp.constructoramls.com/,21,ftp,2nd11@constructoramls.com
ftp://ftp.ifyportal.msratnigbureau.com/,21,ftp,forbes@ifyportal.msratnigbureau.com
ftp://graphicsink.website/,21,ftp,jo@graphicsink.website
ftp://fashionandsorucing.com/,21,ftp,Farmlogs@fashionandsorucing.com
ftp://inhanoi.net.vn/,21,ftp,jm@inhanoi.net.vn
ftp://ftp.yana-ius.ro/,21,ftp,admin2@yana-ius.ro
ftp://graphicsink.website/,21,ftp,jn@graphicsink.website
ftp://ftp.austrianhaus.com/,21,ftp,wx@austrianhaus.com
ftp://ftp.bucprest.ro/,21,ftp,AdminFTP@bucprest.ro
ftp://ftp.colemanco.com.au/,21,ftp,admin@colemanco.com.au
ftp://ftp.cahayacipta.com/,21,ftp,bloodtearssweat@cahayacipta.com
ftp://103.151.125.220/,21,ftp,ad1
ftp://ftp.salteamysa.ro/,21,ftp,FTPadmin@salteamysa.ro
ftp://ftp.iquna-eg.com/,21,ftp,admin@iquna-eg.com
ftp://ftp.basariotomotive.com/,21,ftp,loguru@basariotomotive.com
ftp://ftp.ipissbgroup.com/,21,ftp,nna@ipissbgroup.com
ftp://ftp.giresunioipersonel.com/,21,ftp,admin@giresunioipersonel.com
ftp://ftp.ieaspk.com/,21,ftp,admin@ieaspk.com
ftp://ftp.pacurariu.com/,21,ftp,AdminFTP@pacurariu.com
ftp://ftp.vunachiimpex.xyz/,21,ftp,sayang@vunachiimpex.xyz
ftp://ftp.conexclean.ro/,21,ftp,FTPAdmin@conexclean.ro
ftp://ranplik.com/,21,ftp,italianbosc69@ranplik.com
ftp://103.151.125.220/,21,ftp,ad17
ftp://server251.web-hosting.com/,21,ftp,samuel@malatyabrlikorganik.com
ftp://ftp.gomag.ro/,21,ftp,webhost@gomag.ro
ftp://ftp.instantprint.ro/,21,ftp,main@instantprint.ro
ftp://ftp.vizzwebsolutions.com/,21,ftp,vizzweb@projects.vizzwebsolutions.com
ftp://ftp.lookmegarment.com/,21,ftp,aya@lookmegarment.com
ftp://salkic.co.ba/,21,ftp,ch@salkic.co.ba
ftp://app.smartfile.com/,21,ftp,john1999
ftp://ftp.digicon.com.mx/,21,ftp,admin@digicon.com.mx
ftp://mmcjo.com/,21,ftp,africa@mmcjo.com
ftp://ftp.blessedxmhk.com.ng/,21,ftp,chidi@blessedxmhk.com.ng
ftp://salkic.co.ba/,21,ftp,ab@salkic.co.ba
ftp://ftp.libreriaunoes.com/,21,ftp,adminer@libreriaunoes.com
ftp://45.141.152.18/,21,ftp,farmlogs@vancrenanbroek.com
ftp://199.188.200.93/,21,ftp,oralogvj
ftp://45.141.152.18/,21,ftp,nzelogs@vancrenanbroek.com
ftp://ftp.transdealer.cl/,21,ftp,interinsidelogs231@transdealer.cl
ftp://ftp.iconsurgical.co/,21,ftp,admin@iconsurgical.co
ftp://salkic.co.ba/,21,ftp,ak@salkic.co.ba
ftp://64.188.27.132/,21,ftp,bosstmt
ftp://ftp.travels-plan.com/,21,ftp,travelsplan
ftp://ftp.onelovehk.com.ng/,21,ftp,stanzo@onelovehk.com.ng
ftp://ftp.globalreachpoint.com/,21,ftp,admin@globalreachpoint.com
ftp://ftp.basariotomotive.com/,21,ftp,banklogs@basariotomotive.com
Load,21,ftp,ftp://ftp.hikvision.com/
ftp://ftp.basariotomotive.com/,21,ftp,hardway@basariotomotive.com
ftp://ftp.namkwengcambo.com/,21,ftp,emefarm@namkwengcambo.com
ftp://93.114.128.104/,21,ftp,admin@affcetv.email
ftp://ftp.decorifylife.com/,21,ftp,zbk@decorifylife.com
ftp://ftp.dh9jidbj.eu5.org/,21,ftp,dh9jidbj.eu5.org
ftp://ftp.nord-forex.com/,21,ftp,user1@origin.nord-forex.com
ftp://kamaks.com.tr/,21,ftp,network@kamaks.com.tr
ftp://smail12.linkpc.net/abo/,21,ftp,control
ftp://ftp.liftek-intl.xyz/,21,ftp,cocasion@liftek-intl.xyz
ftp://ftp.dbesthostserver.xyz/,21,ftp,info_bra@dbesthostserver.xyz
ftp://ftp.liftek-intl.xyz/,21,ftp,david@liftek-intl.xyz
ftp://ftp.liftek-intl.xyz/,21,ftp,chidubem@liftek-intl.xyz
ftp://ftp.accinning-tw.com/,21,ftp,bless@accinning-tw.com
ftp://ftp.kpaunicon.cf/,21,ftp,wisdom@kpaunicon.cf
ftp://ftp.dorsea.my/,21,ftp,dorseack@dorsea.my
ftp://ftp.persisiciptautama.com/,21,ftp,info@persisiciptautama.com
ftp://ftp.rpatools10.com/,21,ftp,done@rpatools10.com
ftp://ftp.bmdonline.ro/,21,ftp,webshots@bmdonline.ro
ftp://ftp.behnazgroup.ir/,21,ftp,behnaz@behnazgroup.ir
ftp://ftp.fortunalanka.com/,21,ftp,ntums@fortunalanka.com
ftp://ftp.badookos.com/,21,ftp,bado@badookos.com
ftp://ftp.kokobg.com/,21,ftp,build@kokobg.com
ftp://ftp.ekon.gr/,21,ftp,texnik@ekon.gr
ftp://ftp.mieres.com.ar/,21,ftp,ftpserver@mieres.com.ar
ftp://ftp.mobiesgroup.com/,21,ftp,webshop@mobiesgroup.com
ftp://ftp.bita.co.id/,21,ftp,bho@bita.co.id
ftp://ftp.sisbg.net/,21,ftp,ntums@sisbg.net
ftp://ftp.deep-distribution.ro/,21,ftp,privetroot@deep-distribution.ro
ftp://192.64.86.146/,21,ftp,info@george444.com
ftp://ftp.beninsulted.com/,21,ftp,ddd@beninsulted.com
ftp://ftp.transportesbyh.cl/,21,ftp,naughtyicez@transportesbyh.cl
ftp://ftp.drivehq.com/,21,ftp,vicky2112
ftp://ftp.africantons.com/,21,ftp,ddd@africantons.com
ftp://ftp.patiseriafadel.ro/,21,ftp,webhost@patiseriafadel.ro
ftp://ftp.superdragooncar.com/,21,ftp,dod@superdragooncar.com
ftp://bradatch.com/,21,ftp,luv@bradatch.com
ftp://ftp.trucut-tools.com/,21,ftp,info@trucut-tools.com
ftp://rfgrgfr.freetzi.com/,21,ftp,rfgrgfr.freetzi.com
ftp://ftp.becommodal.com/,21,ftp,dod@becommodal.com
ftp://ftp.transdealer.cl/,21,ftp,neworiginlogs@transdealer.cl
ftp://ftp.treviscnc.com/,21,ftp,info@treviscnc.com
ftp://syinternationaltrading.com/,21,ftp,hosting@syinternationaltrading.com
ftp://ftp.skibokshotell.no/,21,ftp,brompl@skibokshotell.no
ftp://ftp.irregnancised.com/,21,ftp,zorrob@irregnancised.com
ftp://ftp.airporations.com/,21,ftp,ace@airporations.com
ftp://xn--rabanodistribucones-z1b.com/,21,ftp,hosting@xn--rabanodistribucones-z1b.com
ftp://coronavirus-2020awareness.com/,21,ftp,hosting@coronavirus-2020awareness.com
ftp://ftp.takumacakrajaya.com/,21,ftp,h@takumacakrajaya.com
ftp://ftp.samarasae.gr/,21,ftp,intel101@samarasae.gr
ftp://ftp.skibokshotell.no/,21,ftp,homkp@skibokshotell.no
ftp://ftp.skibokshotell.no/,21,ftp,frint@skibokshotell.no
ftp://protestlabsmovings.es/,21,ftp,admin_smonei
ftp://ftp.ciftci.com.tr/,21,ftp,eme@ciftci.com.tr
ftp://ftp.sman22sby.sch.id/,21,ftp,chorgin@sman22sby.sch.id
ftp://ftp.mrgladvogado.com/,21,ftp,real@mrgladvogado.com
ftp://ftp.tashipta.com/,21,ftp,xmoni@tashipta.com
ftp://ftp.mujhedilsena.com/,21,ftp,hhh@mujhedilsena.com
ftp://ftp.ehbsd.ueuo.com/,21,ftp,ehbsd.ueuo.com
ftp://5.255.100.203,21,ftp,MeOr@trsfr.com
ftp://ftp.antoniomayol.com:21,21,ftp,johnson@antoniomayol.com
ftp://ftp.itvlahita.com,21,ftp
ftp://ftp.experthvac.ro,21,ftp
ftp://ftp.hdconstruct.ro/,21,ftp
ftp://ftp.papeleriaveneplast.com,21,ftp
ftp://ftp.ocp.mx,21,ftp
ftp://ftp.mgcpakistan.com,21,ftp
ftp://ftp.navetesilazi.ro,21,ftp
ftp://files.000webhost.com,21,ftp
ftp://ftp.wymascensores.com,21,ftp
ftp://ftp.kamen.si,21,ftp
ftp://ftp.vvspijkenisse.nl,21,ftp
ftp://peruglobo.com,21,ftp
ftp://ftp.valvulasthermovalve.cl,21,ftp
ftp://ftp.grupomorales.mx,21,ftp
ftp://ftp.atikol.cam,21,ftp
ftp://valvulasthermovalve.cl,21,ftp
ftp://ftp.solucionesmexico.mx,21,ftp
ftp://ftp.rfconnactor.com,21,ftp
ftp://royal-arois.com,21,ftp
ftp://ftp.ercolina-usa.com,21,ftp
ftp://ftp.adamestarsa.hu/,21,ftp
ftp://ftp.alonsorojasmudanzasnacionales.com/,21,ftp
ftp://ftp.svetigeorgije.co.rs,21,ftp
ftp://ftp.yurabeauty.com,21,ftp
ftp://195.58.39.94,21,ftp
ftp://ftp.mcmprint.net,21,ftp
ftp://ftp.quitkostewart.com,21,ftp
ftp://ftp.lucd.ru,21,ftp
ftp://myogessentials.com,21,ftp
ftp://c5comunicacao.com.br,21,ftp
ftp://ftp.redemed.xyz,21,ftp
ftp://ftp.associatessystems.com,21,ftp
ftp://ftp.ocp.mx/,21,ftp
ftp://ftp.gefs.com.ec,21,ftp
ftp://ftp.code-jet.com,21,ftp
ftp://ftp.homesteadgroove.com,21,ftp
ftp://ftp.confotrchem.com,21,ftp
ftp://ftp.logistor.hu,21,ftp
ftp://ftp.dutygroup.com.br,21,ftp
ftp://ftp.mgcpakistan.com/,21,ftp
ftp://ftp.sisoempresarialsas.com,21,ftp
ftp://carbonwatt.com,21,ftp
ftp://ftp.peva.it,21,ftp
ftp://ftp.instantprint.ro/,21,ftp
ftp://ftp.blocexpert.eu,21,ftp
ftp://ftp.impermilo.com.mx,21,ftp
ftp://flosym.com.my,21,ftp
ftp://ftp.sentientshift.com,21,ftp
ftp://ftp.ssttekstil.com/,21,ftp
ftp://ftp.prolifebacau.ro,21,ftp
ftp://ftp.rabinpaintingservices.com.au,21,ftp
ftp://ftp.kamtechworld.com,21,ftp
ftp://ftp.gammawallish.monster,21,ftp
ftp://ftp.urbantopo.gr,21,ftp
ftp://ftp.antleds.com,21,ftp
ftp://ftp.ectrowconstrutora.com.br,21,ftp
ftp://ftp.bioterra.com.pl,21,ftp
ftp://ftp.hitplas.ro,21,ftp
ftp://ftp.vintageconcepts.biz,21,ftp
ftp://ftp.sunfungl.com,21,ftp
ftp://ftp.valvulasthermovalve.cl/,21,ftp
ftp://ftp.gtasportsltd.com,21,ftp
ftp://ftp.cleaningagent.xyz,21,ftp
ftp://ftp.crownoffice.xyz,21,ftp
ftp://ftp.maybk2u.com,21,ftp
ftp://ftp.obikolki.com,21,ftp
ftp://ftp.voqels.com,21,ftp
ftp://ftp.symmdentaesthetics.com/,21,ftp
ftp://ftp.basariotomotive.com,21,ftp
ftp://ftp.electrobist.com,21,ftp
ftp://ftp.artemusa.cl/,21,ftp
ftp://ftp.mse.com.cy/,21,ftp
ftp://ftp.mygsac.com/,21,ftp
ftp://ftp.basariotomotive.com/,21,ftp
ftp://ftp.curidesigner.com/,21,ftp
ftp://ftp.adpfr.ro/,21,ftp
ftp://ftp.dveshop.ro/,21,ftp
ftp://ftp.transdealer.cl/,21,ftp
ftp://ftp.kelon.my.id,21,ftp
ftp://transiberia.ge,21,ftp
ftp://ftp.avonpharmacmachines.com/,21,ftp
ftp://192.3.223.202,21,ftp
ftp://ftp.nauabe.com,21,ftp
ftp://ftp.gettoner.com.mx,21,ftp
ftp://ftp.realcocina.com,21,ftp
ftp://ftp.gettoner.com.mx/,21,ftp
ftp://ftp.brado-it.com,21,ftp
ftp://ftp.msmistura.com.br,21,ftp
ftp://mfaraday.com/,21,ftp
ftp://ftp.deconbrio.com,21,ftp
ftp://41.216.183.100,21,ftp
ftp://ftp.fibergrating.ir,21,ftp
ftp://ftp.taksan-algerie.com,21,ftp
ftp://files.000webhost.com/,21,ftp
ftp://ftp.lansol.com,21,ftp
ftp://41.216.183.10,21,ftp
ftp://ftp.ssttekstil.com,21,ftp
ftp://ftp.my-skin.ro,21,ftp
ftp://ftp.almasa.com.pe,21,ftp
ftp://ftp.good-shepherd-ministries.org/,21,ftp
ftp://198.252.101.199,21,ftp
ftp://ftp.lemendoza.com,21,ftp
ftp://ftp.collinssaludnatural.com/,21,ftp
ftp://ftp.silgroups.com,21,ftp
ftp://superredesdeprotecao.com.br,21,ftp
ftp://194.31.98.108/,21,ftp
ftp://ftp.artrsllc.com/,21,ftp
ftp://192.3.223.202/,21,ftp
ftp://ftp.onogost.com/,21,ftp
ftp://ftp.lizaneya.com/,21,ftp
ftp://ftp.overviewsupplies.com/,21,ftp
ftp://ftp.officeonguard.com/,21,ftp
ftp://ftp.centaragoga.com/,21,ftp
ftp://ftp.akmokykla.lt/,21,ftp
ftp://ftp.boloni.ma/,21,ftp
ftp://ftp.westeurotrans.ro/,21,ftp
ftp://ftp.escrobshared.com/,21,ftp
ftp://ftp.adesgroup.co/,21,ftp
ftp://78.138.105.142/,21,ftp
ftp://ftp.techlabinfo.com.br/,21,ftp
ftp://ldgroup.ge/,21,ftp
ftp://alighierieventos.com/,21,ftp
ftp://ftp.kamaks.com.tr/,21,ftp
ftp://ftp.freguesiadepenafiel.pt/,21,ftp
ftp://ftp.icomponents.am/,21,ftp
ftp://ftp.cnpbv.ro/,21,ftp
ftp://eaglepaintuae.com/,21,ftp
ftp://ftp.gayatricontrol.com/,21,ftp
ftp://ftp.heidloph.com/,21,ftp
ftp://ftp.madlev.ro/,21,ftp
ftp://ftp.kassetiabi.ee/,21,ftp
ftp://64.188.21.105/,21,ftp
ftp://win8039.site4now.net/,21,ftp
ftp://win5063.site4now.net/,21,ftp
ftp://umc-tech.com/,21,ftp
ftp://win5072.site4now.net/,21,ftp
ftp://ftp.prisamexico.net/,21,ftp
ftp://alocentromedico.com.pe/,21,ftp
ftp://ftp.trambaohanhelectroluxhn.com/,21,ftp
ftp://ftp.gumabelt.com/,21,ftp
ftp://ftp.taskhub.org.uk/,21,ftp
ftp://ftps4.us.freehostia.com/,21,ftp
ftp://ftp.geohotw.com/,21,ftp
ftp://ftp.umc-tech.com/,21,ftp
ftp://dragonwingsonline.org/,21,ftp
ftp://ftp.emifile.com/,21,ftp
ftp://ftp.oscarwellton.ga/,21,ftp
ftp://ftp.cnvester.com/,21,ftp
ftp://ftp.marketsales.6te.net/,21,ftp
ftp://ftp.exploits.site/,21,ftp
ftp://bitrix340.timeweb.ru/,21,ftp
ftp://ftp.phoenxsourcing.asia/,21,ftp
ftp://ftp.unitelha.com/,21,ftp
ftp://ftp.tashipta.com/,21,ftp
ftp://ftp.amalgama-com.gq/,21,ftp
ftp://ftp.richenqtex.me/,21,ftp
ftp://ftp.solarcenter.ro/,21,ftp
ftp://ftp.excellne.net/,21,ftp
ftp://ftp.targetdhr.com/,21,ftp
ftp://ftp.tde.ro/,21,ftp
ftp://premium38.timeweb.ru/,21,ftp
ftp://ftp.chinazhonghang.com/,21,ftp
ftp://palmtrensit.com/,21,ftp
ftp://susannes.eu5.org/,21,ftp
ftp://ftp.persisiciptautama.com/,21,ftp
ftp://gsmtp.me/,21,ftp
ftp://ftp.connectus-trade.net/,21,ftp
ftp://ftp.rodat.by/,21,ftp
ftp://ftp.c2cmarketing.co.in/,21,ftp
ftp://ftp.classeeformas.com/,21,ftp
ftp://ftp.rebu.co.rw/,21,ftp
ftp://ftp.autobulbs.com/,21,ftp
ftp://ftp.ciftci.com.tr/,21,ftp
ftp://asnbanknl.com/,21,ftp
ftp://ftp.radarcncs.com/,21,ftp
ftp://ftp.bmdonline.ro/,21,ftp
ftp://b7d38dd3.freetzi.com/,21,ftp
ftp://sozimail.com/,21,ftp
ftp://ftp.kassohome.com.tr/,21,ftp
ftp://ftp.sman22sby.sch.id/,21,ftp
ftp://ftp.ableacn.com/,21,ftp
ftp://ftp.desguacespalomino.com/,21,ftp
ftp://ftp.mrgladvogado.com/,21,ftp
ftp://ftp.southeating.com/,21,ftp
ftp://ftp.lilangelness.com/,21,ftp
ftp://ftp.nedtek.com.au/,21,ftp
ftp://ftp.tsd.in/,21,ftp
ftp://ftp.bazuka321.com/,21,ftp
ftp://server.siaemic.cam/,21,ftp
ftp://ftp.chinas-ccp.com/,21,ftp
ftp://ftp.kokobg.com/,21,ftp
ftp://ftp.martasmebeles.lv/,21,ftp
ftp://ftp.becommodal.com/,21,ftp
ftp://ftp.is-kagrup.com/,21,ftp
ftp://dextrotrading.com/,21,ftp
ftp://gtbanks-gambia.com/,21,ftp
ftp://ftp.vilaursutismana.ro/,21,ftp
ftp://ftp.hraspirations.com/,21,ftp
ftp://kagabo.net/,21,ftp
ftp://triathlon-batteries-uk.com/,21,ftp
ftp://bradatch.com/,21,ftp
ftp://ftp.lysandruolaw.com/,21,ftp
ftp://ftp.artego.ro/,21,ftp
ftp://ftp.cleanprolaundryparts.com/,21,ftp
ftp://ftp.aydangroup.com.my/,21,ftp
ftp://ftp.universalinks.net/,21,ftp
ftp://ftp.fratellidelpiano.com/,21,ftp
ftp://ftp.airporations.com/,21,ftp
ftp://trend.fischer-landmaschinen.me/,21,ftp
ftp://ftp.klass-hydrauliks.ro/,21,ftp
ftp://ftp.construccionesyaceros.com/,21,ftp
ftp://ftp.turblneservices.com/,21,ftp
ftp://66.45.232.205/,21,ftp
ftp://ftp.deep-distribution.ro/,21,ftp
ftp://ftp.vitessesrl.ro/,21,ftp
ftp://ftp.porteriascoral.com/,21,ftp
ftp://ftp.irregnancised.com/,21,ftp
ftp://ftp.pan-door.gr/,21,ftp
ftp://ftp.valea-iazurilor.ro/,21,ftp
ftp://ftp.zzv.ro/,21,ftp
ftp://185.112.250.214/,21,ftp
ftp://ftp.jordi-spedition.com/,21,ftp
ftp://ftp.mcspa.co.il/,21,ftp
ftp://ftp.airplpetech.com/,21,ftp
ftp://adesgroup.co/,21,ftp
ftp://ftp.navetesilazi.ro/,21,ftp
ftp://ftp.seatradeshipping.net/,21,ftp
ftp://khanssociates.com/,21,ftp
ftp://ftp.superdragooncar.com/,21,ftp
ftp://travels-plan.com/,21,ftp
ftp://ftp.bluecomunidad.com/,21,ftp
ftp://ftp.voscorp.net/,21,ftp
ftp://bluecomunidad.com/,21,ftp
ftp://ftp.steeleratoms.com/,21,ftp
ftp://ftp.gurkhasgroup.com.np/,21,ftp
ftp://ftp.accinning-tw.com/,21,ftp
ftp://ftp.embalados.cl/,21,ftp
ftp://ftp.interprizecloude.com/,21,ftp
ftp://ftp.bradatch.com/,21,ftp
ftp://qs-xc@qs-xc.com/,21,ftp
ftp://ftp.indomonangjadi.com/,21,ftp
ftp://ftp.alphaprimeinv.com/,21,ftp
ftp://ftp.transportesbyh.cl/,21,ftp
ftp://ftp.privatefud.com/,21,ftp
ftp://93.114.128.104/,21,ftp
ftp://ftp.vila-gabriel.ro/,21,ftp
ftp://ftp.ecodena.com.gt/,21,ftp
ftp://constructoramls.com/,21,ftp
ftp://ftp.totallyanonymous.com/,21,ftp
ftp://ftp.urbanlogistics.vip/,21,ftp
ftp://ftp.st05.net/,21,ftp
ftp://ftp.shanpak.com/,21,ftp
ftp://amalgama-com.gq/,21,ftp
ftp://ftp.woodwardpakistan.com/,21,ftp
ftp://ftp.onlinereceipts.ga/,21,ftp
ftp://ftp.videoalliance.ru/,21,ftp
ftp://167.88.170.103/,21,ftp
ftp://ftp.pirana.co.rs/,21,ftp
ftp://ftp.alpinedoc.com/,21,ftp
ftp://smail12.linkpc.net/cfo/,21,ftp
ftp://smail12.linkpc.net/,21,ftp
ftp://ftp.softg.com.ng/,21,ftp
ftp://ftp.gladiators44.xyz/,21,ftp
ftp://ftp.kingceiling.com/,21,ftp
ftp://alonsorojasmudanzasnacionales.com/,21,ftp
ftp://cotransa.ga/,21,ftp
ftp://ftp.ansamble.co/,21,ftp
ftp://ftp.solucionest.com.ar/,21,ftp
ftp://ftp.teak-wicker.com/,21,ftp
ftp://yana-ius.ro/,21,ftp
ftp://ftp.vicarmuebles.com.ar/,21,ftp
ftp://nanyainc.cf/,21,ftp
ftp://ftp.hustle360.a2hosted.com/,21,ftp
ftp://ftp.aramrak.eu/,21,ftp
ftp://ftp.newworldimpex.co/,21,ftp
ftp://ftp.zolvtek.com/,21,ftp
ftp://ftp.blessedxmhk.com.ng/,21,ftp
ftp://ftp.onelovehk.com.ng/,21,ftp
ftp://vh352.timeweb.ru/,21,ftp
ftp://ftp.jk2.tech/,21,ftp
ftp://ftp.namkwengcambo.com/,21,ftp
ftp://107.180.26.185/,21,ftp
ftp://ftp.mmdqatar.com/,21,ftp
ftp://salkic.co.ba/,21,ftp
ftp://ftp.dv-panda.hr/,21,ftp
ftp://ftp.leech.host/,21,ftp
ftp://ftp.centredebeautenellycettier.fr/,21,ftp
ftp://ftp.kagabo.net/,21,ftp
ftp://206.221.223.10/,21,ftp
ftp://ftp.fox8live.com/,21,ftp
ftp://ftp.winsfgt.com/,21,ftp
ftp://ftp.waterchem.com.tr/,21,ftp
ftp://ftp.elquijotebanquetes.com/,21,ftp
ftp://ftp.themommycloset.com/,21,ftp
ftp://ftp.motocoroneos.gr/,21,ftp
ftp://ftp.edconsgroup.xyz/,21,ftp
ftp://enfesdantel.com/,21,ftp
ftp://ftp.kultecivata.com.tr/,21,ftp
ftp://ftp.gene.ba/,21,ftp
ftp://ftp.sunyimpex.com/,21,ftp
ftp://ftp.ecgs-egy.com/,21,ftp
ftp://ftp.broadpeak.co/,21,ftp
ftp://ftp.gracexmhk.info:21/,21,ftp
ftp://archmech-eg.com/,21,ftp
ftp://primesinsured.com/,21,ftp
ftp://ftp.vizzwebsolutions.com/,21,ftp
ftp://ftp.storewel.com/,21,ftp
ftp://ftp.lauraracheldubos.com/,21,ftp
ftp://ftp.retissima.net/,21,ftp
ftp://ftp.omindexgroup.com/,21,ftp
ftp://ftp.limpetglobal.com/,21,ftp
ftp://ftp.nhaider.com/,21,ftp
ftp://ftp.pfsbankgroup.com/,21,ftp
ftp://103.108.220.179/,21,ftp
ftp://ftp.romanservices.ca/,21,ftp
ftp://premium115.web-hosting.com/,21,ftp
ftp://ftp.mememert.com/,21,ftp
ftp://ftp.manpowerpooling.ro/,21,ftp
ftp://ftp.stcv-tw.com/,21,ftp
ftp://ftp.dkspot.net/,21,ftp
ftp://ftp.ecurs.ro/,21,ftp
ftp://ftp.ieaspk.com/,21,ftp
ftp://ftp.northsrockusa.com/,21,ftp
ftp://ftp.yana-ius.ro/,21,ftp
ftp://ftp.physemance.com/,21,ftp
ftp://ftp.kirksbrew.com/,21,ftp
ftp://ftp.ma-masalikilhuda.sch.id/,21,ftp
ftp://ftp.provodi.com/,21,ftp
ftp://ftp.dwicahayajaya.com/,21,ftp
ftp://ftp.sirnivasaorganics.com/,21,ftp
ftp://ftp.vistusexpress.ao/,21,ftp
ftp://ftp.vn-gpack.org/,21,ftp
ftp://universalinks.net/,21,ftp
ftp://ftp.vespang.ga/,21,ftp
ftp://ftp.cosmolensky.com/,21,ftp
ftp://ftp.digicon.com.mx/,21,ftp
ftp://ftp.alfelahksa.com/,21,ftp
ftp://ftp.tractorandinas.com/,21,ftp
ftp://ftp.chneyeetex.com/,21,ftp
ftp://ftp.alighierieventos.com/,21,ftp
ftp://ftp.spytector.com/,21,ftp
ftp://ftp.avatar.ps/,21,ftp
ftp://ftp.winners.jumie-acrylic.com/,21,ftp
ftp://ftp.constructoramls.com/,21,ftp
ftp://ftp.badonfashoin.com/,21,ftp
ftp://ftp.ifyportal.msratnigbureau.com/,21,ftp
ftp://srbizasrbe.org/,21,ftp
ftp://graphicsink.website/,21,ftp
ftp://fashionandsorucing.com/,21,ftp
ftp://inhanoi.net.vn/,21,ftp
ftp://ftp.albasrahflag.com/,21,ftp
ftp://ftp.austrianhaus.com/,21,ftp
ftp://ftp.bucprest.ro/,21,ftp
ftp://ftp.colemanco.com.au/,21,ftp
ftp://ftp.cahayacipta.com/,21,ftp
ftp://103.151.125.220/,21,ftp
ftp://ftp.pluscert.ro/,21,ftp
ftp://ftp.salteamysa.ro/,21,ftp
ftp://ftp.iquna-eg.com/,21,ftp
ftp://ftp.ipissbgroup.com/,21,ftp
ftp://ftp.giresunioipersonel.com/,21,ftp
ftp://ftp.pacurariu.com/,21,ftp
ftp://ftp.vunachiimpex.xyz/,21,ftp
ftp://ftp.conexclean.ro/,21,ftp
ftp://ranplik.com/,21,ftp
ftp://server251.web-hosting.com/,21,ftp
ftp://ftp.gomag.ro/,21,ftp
ftp://ftp.lookmegarment.com/,21,ftp
ftp://app.smartfile.com/,21,ftp
ftp://mmcjo.com/,21,ftp
ftp://ftp.libreriaunoes.com/,21,ftp
ftp://45.141.152.18/,21,ftp
ftp://199.188.200.93/,21,ftp
ftp://ftp.iconsurgical.co/,21,ftp
ftp://64.188.27.132/,21,ftp
ftp://ftp.travels-plan.com/,21,ftp
ftp://ftp.globalreachpoint.com/,21,ftp
ftp://ftp.hikvision.com/,21,ftp
ftp://ftp.decorifylife.com/,21,ftp
ftp://ftp.dh9jidbj.eu5.org/,21,ftp
ftp://ftp.nord-forex.com/,21,ftp
ftp://kamaks.com.tr/,21,ftp
ftp://smail12.linkpc.net/abo/,21,ftp
ftp://ftp.liftek-intl.xyz/,21,ftp
ftp://ftp.dbesthostserver.xyz/,21,ftp
ftp://ftp.kpaunicon.cf/,21,ftp
ftp://ftp.dorsea.my/,21,ftp
ftp://ftp.rpatools10.com/,21,ftp
ftp://ftp.behnazgroup.ir/,21,ftp
ftp://ftp.fortunalanka.com/,21,ftp
ftp://ftp.badookos.com/,21,ftp
ftp://ftp.ekon.gr/,21,ftp
ftp://ftp.mieres.com.ar/,21,ftp
ftp://ftp.mobiesgroup.com/,21,ftp
ftp://ftp.bita.co.id/,21,ftp
ftp://ftp.sisbg.net/,21,ftp
ftp://192.64.86.146/,21,ftp
ftp://ftp.beninsulted.com/,21,ftp
ftp://ftp.drivehq.com/,21,ftp
ftp://ftp.africantons.com/,21,ftp
ftp://ftp.patiseriafadel.ro/,21,ftp
ftp://ftp.trucut-tools.com/,21,ftp
ftp://rfgrgfr.freetzi.com/,21,ftp
ftp://ftp.treviscnc.com/,21,ftp
ftp://syinternationaltrading.com/,21,ftp
ftp://ftp.skibokshotell.no/,21,ftp
ftp://xn--rabanodistribucones-z1b.com/,21,ftp
ftp://coronavirus-2020awareness.com/,21,ftp
ftp://ftp.takumacakrajaya.com/,21,ftp
ftp://ftp.samarasae.gr/,21,ftp
ftp://protestlabsmovings.es/,21,ftp
ftp://ftp.mujhedilsena.com/,21,ftp
ftp://ftp.ehbsd.ueuo.com/,21,ftp
